{
    "policy":[
        {
            "policy_id":"1",
            "policy_name":"first_policy",
            "policy_issuance_date":"28/04/2021"
        },
        {
            
                "policy_id":"2",
                "policy_name":"second_policy",
                "policy_issuance_date":"28/05/2019"
            
        },
        {
            "policy_id":"3",
            "policy_name":"third_policy",
            "policy_issuance_date":"28/08/2020"
        },
        {
            "policy_id":"4",
            "policy_name":"forth_policy",
            "policy_issuance_date":"28/03/2018"
        }
    ]
}